# Celestial coordinates, proper motions, magnitudes and the masses of the possible members of Alpha Persi as found by this study, 
# sorted by right ascension from PPMXL.
# Stellar masses are derived from the J magnitudes using a PARSEC isochorne. In the last column, 'D' and 'L' letters correspond to 
# Deacon & Hambly (2004) and Lodieu et al. (2012) respectively and show whether the members have also been designated by these studies.
# 
# column  1: Right Ascension
# column  2: Declination
# column  3: J magnitude
# column  4: Ks magnitude
# column  5: Error of column 3
# column  6: Error of column 4
# column  7: Proper motion in RA  [*cos(Dec)]
# column  8: Proper Motion in Dec
# column  9: Error of column 7
# column 10: Error of column 8
# column 11: Mass in solar units
# column 12: Whether the star is also found in Deacon, N. R., Hambly, N. C., 2004, A&A, 416, 125 or 
# in Lodieu, N., Deacon, N. R., Hambly, N. C., Boudreault, S., 2012, MNRAS, 426, 3403L
# ------------------------------------------------------------------------------------------------------------------------------------------------
48.632999		+49.333000		15.325		14.451		0.049		0.074		+09.4		-24.9		5.4		5.4		0.110		-
48.653999		+49.335999		13.594		12.676		0.025		0.026		+22.3		-25.3		4.0		4.0		0.342		-
48.751999		+48.200001		14.153		13.254		0.031		0.033		+17.8		-15.9		5.3		5.3		0.239		-
48.779999		+49.846001		13.536		12.629		0.024		0.022		+19.0		-25.2		4.1		4.1		0.354		DL
48.787998		+49.179001		15.100		14.444		0.047		0.077		+25.4		-21.2		5.6		5.6		0.126		-
48.801998		+47.782001		15.295		14.436		0.046		0.066		+19.2		-26.2		4.1		4.1		0.112		-
48.834999		+49.709000		15.366		14.338		0.056		0.071		+22.8		-24.3		4.1		4.1		0.106		-
48.853001		+48.787998		13.308		12.425		0.025		0.023		+15.9		-32.6		5.4		5.4		0.397		-
48.862000		+48.126999		14.585		13.646		0.033		0.042		+13.2		-24.5		4.0		4.0		0.179		-
48.863998		+49.674999		14.131		13.204		0.029		0.029		+24.4		-29.9		4.1		4.1		0.243		L
48.865002		+48.810001		15.424		14.852		0.088		0.138		+28.2		-24.9		5.6		5.6		0.098		-
48.867001		+47.568001		13.243		12.360		0.024		0.023		+16.8		-24.2		3.9		3.9		0.410		DL
48.900002		+48.271999		15.467		14.673		0.065		0.088		+16.4		-24.9		5.5		5.5		0.098		-
48.901001		+49.813000		13.368		12.443		0.024		0.024		+17.0		-27.1		5.5		5.5		0.386		DL
48.928001		+48.234001		14.212		13.258		0.029		0.030		+22.8		-24.3		5.5		5.5		0.231		-
48.938999		+48.606998		13.738		12.863		0.023		0.026		+25.0		-26.5		4.0		4.0		0.315		DL
48.939999		+49.011002		11.073		10.394		0.020		0.014		+17.7		-28.8		4.0		4.0		0.802		-
48.945000		+49.803001		11.646		10.799		0.020		0.020		+20.3		-18.7		4.0		4.0		0.671		-
48.945000		+49.588001		14.577		13.571		0.041		0.046		+14.4		-29.8		4.1		4.1		0.178		-
48.964001		+47.953999		14.541		13.584		0.034		0.038		+21.7		-24.5		5.5		5.5		0.184		-
48.991001		+49.688000		14.386		13.488		0.039		0.039		+18.9		-17.7		4.0		4.0		0.202		L
48.994999		+48.451000		13.257		12.355		0.023		0.025		+23.1		-21.5		4.0		4.0		0.408		L
49.035999		+50.087002		12.248		11.356		0.025		0.021		+19.7		-35.3		4.1		4.1		0.575		-
49.039001		+50.352001		13.344		12.468		0.027		0.027		+22.4		-22.2		4.0		4.0		0.389		-
49.066002		+48.688999		13.373		12.438		0.021		0.021		+26.3		-23.6		4.0		4.0		0.387		L
49.074001		+50.319000		13.261		12.348		0.025		0.025		+22.4		-22.3		4.0		4.0		0.406		DL
49.075001		+48.144001		14.876		14.040		0.044		0.059		+35.1		-30.0		5.3		5.3		0.145		-
49.078999		+49.081001		12.994		12.071		0.024		0.022		+25.4		-28.2		5.5		5.5		0.457		L
49.089001		+50.495998		14.048		13.127		0.030		0.030		+27.9		-32.9		4.1		4.1		0.255		DL
49.130001		+49.311001		11.046		10.363		0.023		0.018		+20.8		-27.8		4.0		4.0		0.806		D
49.133999		+49.222000		14.610		13.735		0.033		0.045		+21.7		-32.4		5.4		5.4		0.177		-
49.136002		+50.587002		13.319		12.397		0.023		0.022		+23.4		-28.5		4.0		4.0		0.396		L
49.146999		+47.119999		12.539		11.694		0.029		0.022		+21.9		-23.2		3.9		3.9		0.532		DL
49.147999		+50.539001		15.413		14.380		0.058		0.075		+19.1		-27.1		5.4		5.4		0.102		-
49.157001		+50.412998		15.141		14.255		0.045		0.066		+15.9		-19.0		5.4		5.4		0.123		-
49.161999		+49.452000		10.452		09.962		0.022		0.018		+20.7		-24.1		6.9		6.9		0.938		D
49.166000		+49.372002		11.194		10.495		0.023		0.020		+21.6		-23.5		4.0		4.0		0.777		-
49.166000		+47.327999		12.955		12.082		0.029		0.018		+22.6		-24.9		5.2		5.2		0.462		DL
49.166000		+47.327999		12.955		12.082		0.029		0.018		+22.6		-24.9		5.2		5.2		0.462		DL
49.167000		+50.297001		14.811		13.931		0.040		0.053		+28.4		-20.5		5.3		5.3		0.153		-
49.189999		+48.084999		15.450		14.117		0.081		0.075		+28.2		-22.7		5.5		5.5		0.097		-
49.203999		+47.268002		14.274		13.390		0.032		0.033		+14.7		-29.3		3.9		3.9		0.220		-
49.208000		+49.598999		14.883		14.144		0.037		0.059		+17.7		-23.5		5.5		5.5		0.147		-
49.209000		+49.750000		15.388		14.507		0.057		0.084		+28.9		-21.1		5.4		5.4		0.104		-
49.212002		+49.501999		13.670		12.779		0.024		0.027		+17.3		-19.7		4.0		4.0		0.328		L
49.223000		+48.535000		11.177		10.440		0.023		0.018		+25.9		-23.3		4.0		4.0		0.780		-
49.237000		+49.555000		14.718		13.757		0.034		0.043		+15.3		-25.7		4.1		4.1		0.164		-
49.241001		+47.953999		15.398		14.492		0.043		0.067		+11.5		-21.6		5.4		5.4		0.106		-
49.264999		+46.821999		13.590		12.737		0.027		0.020		+18.7		-28.3		3.9		3.9		0.342		-
49.265999		+47.526001		13.935		13.085		0.024		0.022		+23.8		-23.5		5.2		5.2		0.278		-
49.306999		+49.210999		14.679		13.677		0.032		0.038		+19.9		-21.8		5.5		5.5		0.169		L
49.320000		+49.629002		12.100		11.212		0.022		0.018		+15.1		-27.9		4.1		4.1		0.595		D
49.320999		+49.629002		12.100		11.212		0.022		0.018		+26.2		-26.5		4.0		4.0		0.595		L
49.332001		+48.580002		10.743		10.173		0.020		0.014		+20.9		-25.4		4.0		4.0		0.872		D
49.334751		+49.502071		08.907		08.608		0.021		0.018		+24.5		-24.9		1.5		1.5		1.373		-
49.340000		+48.076000		13.251		12.338		0.021		0.023		+25.9		-30.9		4.1		4.1		0.410		DL
49.340000		+48.372002		11.790		10.893		0.020		0.016		+22.0		-25.0		4.0		4.0		0.642		D
49.342999		+50.110001		15.043		14.257		0.047		0.064		+22.4		-27.8		4.1		4.1		0.131		-
49.368000		+47.255001		14.982		14.015		0.043		0.050		+14.7		-23.8		5.3		5.3		0.136		-
49.375000		+47.262001		10.447		09.858		0.025		0.018		+13.7		-32.5		4.9		4.9		0.937		-
49.380001		+47.625000		13.312		12.403		0.029		0.018		+18.1		-25.0		3.9		3.9		0.395		D
49.380001		+50.217999		15.396		14.546		0.055		0.078		+29.9		-21.9		4.2		4.2		0.104		-
49.381001		+48.863998		10.745		10.154		0.020		0.016		+18.2		-24.3		4.0		4.0		0.872		D
49.382000		+50.220001		14.506		13.585		0.031		0.036		+26.4		-27.0		4.0		4.0		0.190		-
49.384998		+48.191002		14.893		13.950		0.039		0.052		+22.5		-17.3		5.5		5.5		0.145		-
49.411999		+48.847000		12.562		11.656		0.023		0.021		+22.7		-26.7		4.0		4.0		0.531		L
49.421001		+48.026001		11.321		10.682		0.020		0.020		+27.3		-22.0		8.3		8.3		0.754		-
49.422001		+47.164001		14.796		13.851		0.040		0.042		+27.0		-18.8		3.9		3.9		0.155		-
49.437000		+49.102001		15.127		14.140		0.046		0.059		+24.7		-33.6		5.5		5.5		0.124		L
49.448002		+47.314999		14.358		13.552		0.033		0.039		+23.3		-28.4		3.9		3.9		0.207		-
49.451000		+49.306999		15.435		14.452		0.052		0.086		+20.0		-33.2		5.6		5.6		0.102		-
49.464001		+47.042000		14.266		13.393		0.028		0.035		+29.5		-20.7		3.9		3.9		0.223		-
49.474998		+49.473999		13.308		12.393		0.024		0.025		+21.8		-25.9		4.0		4.0		0.398		DL
49.519001		+50.330002		12.911		11.976		0.021		0.019		+24.9		-30.1		4.0		4.0		0.474		L
49.521927		+49.906063		08.937		08.689		0.021		0.020		+22.3		-23.8		1.3		1.2		1.362		-
49.528999		+50.098999		13.412		12.485		0.022		0.024		+32.7		-19.1		5.4		5.4		0.379		DL
49.535000		+49.272999		14.086		13.197		0.030		0.034		+28.7		-27.9		4.1		4.1		0.250		DL
49.535999		+49.314999		11.994		11.093		0.022		0.017		+20.7		-27.3		4.0		4.0		0.610		L
49.537998		+49.422001		15.251		14.291		0.058		0.078		+21.7		-22.4		5.4		5.4		0.113		B
49.568001		+50.737000		15.323		14.533		0.060		0.096		+15.3		-30.7		4.2		4.2		0.108		-
49.588001		+50.549999		13.681		12.772		0.027		0.032		+29.1		-32.0		4.0		4.0		0.324		L
49.589001		+47.637001		11.523		10.682		0.021		0.023		+19.9		-38.2		5.3		5.3		0.708		-
49.591999		+49.339001		14.797		14.096		0.045		0.060		+21.9		-32.6		4.1		4.1		0.153		B
49.596001		+49.466999		12.564		11.695		0.023		0.019		+22.5		-24.4		4.0		4.0		0.531		D
49.599621		+50.555702		07.584		07.541		0.024		0.017		+25.1		-25.8		0.7		0.8		2.260		-
49.604000		+48.978001		14.878		13.941		0.041		0.048		+21.7		-21.2		4.0		4.0		0.146		-
49.611000		+46.800999		13.497		12.635		0.027		0.028		+23.5		-31.3		4.0		4.0		0.360		L
49.612000		+48.609001		15.464		14.378		0.060		0.074		+23.2		-24.9		4.1		4.1		0.099		-
49.614174		+47.354282		09.833		09.352		0.019		0.024		+20.8		-27.3		1.7		1.7		1.092		-
49.618999		+51.181000		15.101		13.979		0.049		0.061		+34.6		-28.0		5.5		5.5		0.126		-
49.626999		+46.624001		14.302		13.347		0.031		0.038		+20.3		-22.6		4.1		4.1		0.216		-
49.626999		+50.201000		12.946		12.048		0.021		0.020		+19.7		-31.4		4.1		4.1		0.468		L
49.647999		+48.247002		15.051		14.020		0.048		0.055		+29.2		-32.0		4.1		4.1		0.130		-
49.653000		+47.458000		13.120		12.269		0.024		0.020		+20.1		-24.2		4.1		4.1		0.433		L
49.655998		+48.937000		14.035		13.173		0.030		0.031		+27.1		-24.3		4.1		4.1		0.257		D
49.655998		+50.320000		15.403		14.220		0.058		0.061		+16.1		-16.0		5.4		5.4		0.103		-
49.657257		+50.222176		05.238		05.326		0.018		0.020		+22.7		-25.2		0.4		0.5		4.553		-
49.660000		+49.465000		10.406		09.878		0.021		0.019		+12.6		-17.9		6.3		6.3		0.949		-
49.674999		+51.287998		14.658		13.690		0.035		0.046		+19.5		-23.0		4.1		4.1		0.170		-
49.683998		+50.153999		13.683		12.768		0.025		0.026		+20.9		-28.9		4.0		4.0		0.325		DL
49.686535		+49.769955		07.675		07.664		0.021		0.023		+22.1		-25.0		1.1		1.0		2.182		-
49.709999		+49.730999		09.867		09.488		0.021		0.016		+21.7		-24.4		1.4		1.4		1.082		-
49.727001		+50.408001		12.893		11.967		0.023		0.022		+26.4		-18.8		5.5		5.5		0.477		-
49.741001		+48.908001		15.215		14.350		0.051		0.072		+23.9		-22.2		4.1		4.1		0.117		-
49.742001		+47.042000		13.721		12.773		0.027		0.027		+19.6		-27.3		4.1		4.1		0.317		-
49.742001		+49.372002		11.523		10.655		0.020		0.019		+25.2		-28.9		4.1		4.1		0.709		-
49.752998		+49.087002		15.231		14.468		0.055		0.083		+24.6		-16.1		5.4		5.4		0.115		-
49.756001		+49.431999		14.965		13.949		0.048		0.060		+14.1		-28.5		4.1		4.1		0.137		-
49.759998		+49.560001		12.127		11.227		0.022		0.022		+19.7		-24.7		5.5		5.5		0.592		DL
49.759998		+49.560001		12.127		11.227		0.022		0.022		+19.7		-24.7		5.5		5.5		0.592		DL
49.769001		+46.507000		13.613		12.713		0.025		0.028		+19.2		-17.0		4.1		4.1		0.339		-
49.781830		+50.094967		05.092		05.196		0.019		0.018		+22.4		-25.3		0.4		0.5		4.647		-
49.782001		+48.894001		15.393		14.482		0.059		0.079		+13.1		-16.7		5.6		5.6		0.103		-
49.796001		+48.705002		14.985		14.128		0.047		0.061		+15.5		-22.9		5.5		5.5		0.135		-
49.811001		+50.345001		13.613		12.661		0.026		0.028		+27.4		-26.6		4.1		4.1		0.338		L
49.854000		+48.993999		13.257		12.331		0.022		0.022		+19.0		-34.1		4.1		4.1		0.408		L
49.860001		+48.310001		14.243		13.345		0.026		0.027		+18.4		-29.7		4.1		4.1		0.227		D
49.880001		+49.688000		13.520		12.586		0.022		0.024		+20.2		-26.8		4.1		4.1		0.358		DL
49.882999		+48.039001		14.699		13.864		0.037		0.050		+17.9		-27.8		4.1		4.1		0.165		-
49.908001		+48.144001		13.369		12.451		0.025		0.026		+18.7		-32.0		4.1		4.1		0.386		L
49.922001		+50.115002		11.625		10.730		0.022		0.023		+30.5		-28.7		4.1		4.1		0.675		-
49.924999		+48.699001		15.155		14.204		0.048		0.064		+17.7		-27.6		5.5		5.5		0.121		-
49.928001		+47.730000		12.556		11.627		0.022		0.025		+21.6		-22.1		4.1		4.1		0.532		-
49.932999		+49.937000		12.012		11.160		0.020		0.018		+17.0		-22.8		4.1		4.1		0.608		-
49.938999		+46.613998		14.523		13.612		0.036		0.044		+26.4		-34.2		4.1		4.1		0.186		-
49.938999		+46.948002		15.314		14.231		0.055		0.064		+19.1		-17.6		4.1		4.1		0.110		-
49.939999		+50.143002		10.473		10.073		0.021		0.020		+27.8		-11.1		7.9		7.9		0.934		-
49.946899		+48.627918		07.459		07.457		0.020		0.020		+22.0		-25.3		0.6		0.7		2.390		-
49.948002		+48.979000		14.834		13.991		0.042		0.055		+11.7		-29.5		5.5		5.5		0.150		L
49.951000		+47.173000		14.298		13.389		0.029		0.036		+16.4		-24.3		4.1		4.1		0.218		-
49.978001		+48.275002		14.320		13.329		0.028		0.033		+24.5		-32.5		4.1		4.1		0.215		L
49.980999		+49.643002		14.563		13.720		0.035		0.041		+22.3		-30.6		4.1		4.1		0.181		D
49.988998		+49.073002		12.644		11.713		0.022		0.021		+19.7		-30.3		4.1		4.1		0.519		DL
49.990002		+49.868999		10.483		09.917		0.022		0.018		+17.4		-29.7		5.2		5.2		0.931		-
49.998001		+50.752998		13.729		12.841		0.023		0.030		+27.5		-27.1		4.1		4.1		0.317		DL
50.004002		+47.757999		12.880		11.992		0.022		0.019		+23.7		-24.3		4.1		4.1		0.480		DL
50.011002		+46.498001		12.631		11.758		0.022		0.019		+17.8		-20.2		4.1		4.1		0.521		-
50.026100		+50.968761		06.910		06.920		0.027		0.020		+23.0		-25.8		0.6		0.7		2.925		-
50.028000		+48.577999		12.361		11.481		0.023		0.021		+30.0		-23.1		3.9		3.9		0.560		-
50.050999		+48.945000		12.736		11.790		0.023		0.021		+19.7		-32.3		3.9		3.9		0.504		L
50.061001		+50.726002		15.499		14.522		0.050		0.078		+20.4		-27.1		5.3		5.3		0.099		-
50.088001		+48.018002		14.895		13.929		0.036		0.040		+25.1		-29.9		5.2		5.2		0.146		L
50.091000		+46.444000		15.149		14.276		0.048		0.061		+28.6		-30.3		4.1		4.1		0.122		-
50.112000		+46.401001		15.153		14.123		0.055		0.060		+22.4		-20.9		4.0		4.0		0.120		-
50.120998		+51.459000		15.336		14.497		0.059		0.072		+20.1		-19.8		4.0		4.0		0.107		-
50.132000		+49.667000		13.857		12.977		0.028		0.033		+16.3		-27.6		3.9		3.9		0.291		DLB
50.147999		+46.644001		13.260		12.428		0.024		0.028		+26.8		-18.2		4.0		4.0		0.407		-
50.174000		+48.410000		10.411		09.884		0.023		0.021		+24.7		-23.7		1.8		1.7		0.947		-
50.179001		+46.754002		13.678		12.782		0.023		0.026		+21.3		-33.3		4.0		4.0		0.327		L
50.186001		+51.472000		14.616		13.832		0.039		0.047		+26.6		-31.9		3.9		3.9		0.174		D
50.188000		+47.359001		10.861		10.366		0.024		0.019		+29.4		-28.3		4.0		4.0		0.844		-
50.191002		+51.235001		14.350		13.475		0.042		0.040		+19.3		-31.8		5.2		5.2		0.205		-
50.212002		+50.254002		13.877		12.905		0.024		0.023		+21.7		-24.5		3.9		3.9		0.289		D
50.213001		+46.011002		15.397		14.561		0.055		0.086		+12.2		-18.0		5.4		5.4		0.104		-
50.215000		+49.466000		10.873		10.286		0.022		0.022		+18.1		-28.3		3.9		3.9		0.842		-
50.230999		+49.016998		14.258		13.374		0.033		0.032		+34.1		-32.0		5.2		5.2		0.222		-
50.236000		+49.345001		12.281		11.386		0.022		0.020		+21.0		-30.2		3.9		3.9		0.571		L
50.248001		+49.702999		12.093		11.197		0.024		0.023		+16.5		-26.8		5.2		5.2		0.595		-
50.249001		+48.310001		14.694		13.739		0.031		0.045		+22.4		-25.9		5.2		5.2		0.167		L
50.258999		+50.242001		13.448		12.444		0.023		0.023		+21.8		-29.6		3.9		3.9		0.372		D
50.259998		+49.784000		12.590		11.694		0.024		0.019		+15.9		-23.5		3.9		3.9		0.526		L
50.263000		+48.970001		14.293		13.510		0.032		0.040		+20.1		-35.2		3.9		3.9		0.217		-
50.277000		+51.695000		13.689		12.742		0.024		0.026		+24.6		-23.1		3.9		3.9		0.324		L
50.292000		+46.945000		15.287		14.347		0.050		0.069		+11.5		-27.6		5.4		5.4		0.112		-
50.296001		+48.330002		13.929		12.993		0.027		0.026		+25.9		-31.9		3.9		3.9		0.278		L
50.300999		+50.986000		13.099		12.222		0.024		0.023		+24.8		-28.5		3.9		3.9		0.437		DL
50.304001		+48.999001		12.284		11.376		0.026		0.022		+15.9		-21.6		3.9		3.9		0.569		-
50.306999		+47.766998		11.609		10.882		0.019		0.026		+25.3		-32.6		4.0		4.0		0.682		-
50.314999		+48.973000		14.439		13.542		0.035		0.038		+21.4		-29.8		3.9		3.9		0.197		-
50.326000		+49.785999		15.138		14.148		0.036		0.051		+13.2		-25.5		5.2		5.2		0.125		-
50.327000		+48.624001		14.229		13.273		0.030		0.034		+15.7		-28.4		3.9		3.9		0.228		DL
50.328999		+46.714001		15.145		14.188		0.053		0.067		+18.9		-29.2		5.4		5.4		0.121		-
50.334999		+47.888000		12.312		11.396		0.022		0.027		+19.2		-24.5		4.0		4.0		0.567		DL
50.341999		+49.951000		11.430		10.648		0.023		0.021		+15.4		-23.1		3.9		3.9		0.729		-
50.342999		+47.431000		13.257		12.318		0.026		0.029		+21.7		-25.1		4.0		4.0		0.406		DL
50.348000		+45.973999		15.014		14.118		0.044		0.061		+23.8		-20.2		4.0		4.0		0.134		-
50.360001		+50.317001		13.470		12.570		0.027		0.026		+24.1		-31.1		3.9		3.9		0.366		-
50.375000		+48.823002		14.668		13.711		0.036		0.040		+15.8		-25.6		3.9		3.9		0.169		B
50.375977		+48.493858		08.365		08.186		0.019		0.021		+22.2		-24.4		0.9		0.9		1.631		-
50.386002		+49.577000		15.135		14.193		0.048		0.057		+20.0		-14.1		5.2		5.2		0.123		-
50.397999		+51.500000		15.302		14.285		0.054		0.068		+27.4		-14.2		5.3		5.3		0.110		-
50.400002		+48.936001		15.107		14.185		0.043		0.052		+11.3		-20.4		5.2		5.2		0.126		-
50.402000		+49.389000		13.776		12.888		0.028		0.024		+23.2		-36.1		3.9		3.9		0.305		L
50.410000		+49.816002		12.866		11.945		0.024		0.022		+21.0		-29.2		3.9		3.9		0.481		D
50.417583		+49.120232		08.663		08.457		0.026		0.020		+22.9		-25.4		1.4		1.4		1.465		-
50.429001		+49.810001		14.605		13.554		0.035		0.034		+16.9		-34.2		5.2		5.2		0.177		L
50.431999		+45.877998		15.130		14.181		0.043		0.067		+14.2		-20.7		5.4		5.4		0.124		-
50.437000		+46.849998		14.947		14.100		0.045		0.063		+17.3		-31.0		4.0		4.0		0.139		-
50.441002		+46.763000		13.367		12.481		0.028		0.030		+23.8		-33.7		4.0		4.0		0.385		L
50.444000		+48.826000		13.871		12.962		0.027		0.032		+26.7		-27.9		3.9		3.9		0.289		D
50.456001		+49.525002		11.409		10.726		0.024		0.025		+27.2		-33.2		3.9		3.9		0.733		-
50.456001		+49.104000		14.408		13.501		0.028		0.042		+18.9		-15.8		5.2		5.2		0.202		-
50.460999		+47.675999		12.204		11.266		0.021		0.023		+22.6		-26.0		4.0		4.0		0.582		L
50.463001		+51.319000		15.322		14.204		0.071		0.067		+28.3		-16.4		5.2		5.2		0.106		-
50.494240		+49.214867		08.483		08.356		0.021		0.023		+21.1		-23.5		1.4		1.4		1.557		-
50.494999		+47.019001		15.086		14.011		0.044		0.055		+25.2		-19.3		4.0		4.0		0.128		-
50.495998		+47.167000		14.457		13.654		0.036		0.047		+31.9		-24.2		4.0		4.0		0.194		-
50.500000		+48.396999		11.714		10.813		0.021		0.020		+20.0		-30.3		3.9		3.9		0.654		L
50.513000		+50.069000		12.865		11.944		0.026		0.024		+16.0		-29.5		3.9		3.9		0.480		-
50.520000		+49.198002		13.621		12.761		0.028		0.028		+23.4		-30.1		3.9		3.9		0.336		DL
50.537998		+49.848000		13.301		12.387		0.026		0.025		+18.7		-35.2		3.9		3.9		0.398		-
50.540001		+46.995998		14.447		13.502		0.030		0.043		+16.2		-20.4		4.0		4.0		0.197		-
50.581001		+48.966999		14.743		13.865		0.040		0.050		+26.8		-18.3		4.1		4.1		0.160		-
50.587002		+47.424999		15.490		14.585		0.058		0.092		+18.3		-22.0		4.1		4.1		0.098		-
50.591000		+49.140999		10.169		09.640		0.020		0.016		+20.0		-24.0		1.4		1.4		1.006		-
50.601002		+47.536999		13.293		12.364		0.024		0.030		+21.5		-27.9		4.0		4.0		0.401		DL
50.613998		+47.347000		14.125		13.164		0.029		0.035		+22.8		-32.7		4.0		4.0		0.244		D
50.616001		+46.224998		12.834		11.956		0.024		0.027		+29.7		-28.1		4.0		4.0		0.487		L
50.617001		+48.827999		12.276		11.361		0.021		0.018		+20.5		-31.7		4.1		4.1		0.572		DL
50.636002		+49.188000		13.141		12.248		0.029		0.029		+32.1		-27.8		4.1		4.1		0.427		-
50.638000		+48.783001		14.831		13.991		0.038		0.053		+22.3		-28.0		5.5		5.5		0.152		LB
50.639000		+50.403000		14.955		14.041		0.041		0.059		+16.6		-30.8		5.5		5.5		0.139		-
50.645000		+47.332001		14.943		14.111		0.043		0.067		+26.4		-31.1		5.3		5.3		0.140		L
50.646999		+50.106998		14.553		13.589		0.066		0.045		+24.9		-30.8		5.5		5.5		0.174		L
50.648998		+49.634998		11.794		10.884		0.022		0.016		+17.9		-27.8		4.1		4.1		0.641		-
50.651001		+47.736000		14.104		13.147		0.030		0.037		+17.5		-22.9		4.0		4.0		0.247		-
50.651001		+48.758999		15.341		14.484		0.050		0.083		+16.6		-18.7		4.2		4.2		0.109		-
50.652000		+48.924000		11.344		10.613		0.021		0.018		+22.1		-17.6		4.1		4.1		0.748		-
50.653000		+47.153000		11.486		10.628		0.021		0.025		+18.0		-29.2		4.0		4.0		0.718		-
50.660999		+46.262001		14.543		13.719		0.035		0.049		+15.2		-27.5		4.0		4.0		0.184		-
50.662998		+49.299999		15.106		14.161		0.051		0.072		+26.0		-34.9		5.5		5.5		0.125		L
50.664001		+47.066002		15.031		14.125		0.044		0.081		+11.3		-23.4		5.3		5.3		0.132		-
50.664001		+49.959999		14.736		13.698		0.038		0.047		+18.0		-24.9		5.5		5.5		0.161		-
50.668999		+48.008999		14.492		13.579		0.033		0.040		+19.4		-29.6		5.5		5.5		0.191		DB
50.669998		+49.678001		11.072		10.419		0.026		0.021		+15.1		-30.7		4.1		4.1		0.800		-
50.671001		+49.938000		13.735		12.864		0.026		0.029		+26.9		-24.9		4.1		4.1		0.314		-
50.673000		+47.145000		14.969		14.113		0.039		0.065		+29.1		-28.9		5.3		5.3		0.138		-
50.698002		+50.498001		13.844		12.905		0.025		0.027		+15.9		-29.8		4.1		4.1		0.294		-
50.702000		+49.655998		12.535		11.646		0.023		0.019		+17.0		-29.5		4.1		4.1		0.535		L
50.726002		+47.645000		15.124		14.120		0.047		0.066		+22.0		-15.9		5.3		5.3		0.124		-
50.726002		+48.828999		13.393		12.544		0.022		0.022		+20.4		-31.4		4.1		4.1		0.383		L
50.730999		+46.116001		10.723		10.153		0.023		0.028		+19.2		-26.4		4.0		4.0		0.875		-
50.738998		+51.804001		14.571		13.658		0.034		0.042		+22.3		-21.5		5.5		5.5		0.181		L
50.758999		+51.195000		12.626		11.760		0.026		0.026		+34.0		-33.2		5.5		5.5		0.520		-
50.759998		+50.318001		14.120		13.151		0.028		0.034		+24.1		-26.6		5.5		5.5		0.245		DL
50.764000		+46.334000		10.114		09.577		0.019		0.025		+25.6		-27.0		1.6		1.6		1.021		-
50.771000		+51.848000		14.975		14.120		0.047		0.057		+09.3		-27.2		5.5		5.5		0.136		-
50.772999		+49.431999		10.434		09.981		0.020		0.016		+19.5		-27.8		5.2		5.2		0.943		-
50.775002		+51.702000		13.219		12.322		0.023		0.022		+22.7		-21.1		4.1		4.1		0.415		L
50.777000		+48.737999		13.622		12.736		0.023		0.024		+23.5		-28.2		4.1		4.1		0.338		DL
50.785999		+48.081001		15.442		14.317		0.056		0.072		+31.8		-30.3		5.5		5.5		0.101		LB
50.791000		+48.244999		12.951		12.027		0.025		0.023		+21.3		-36.6		4.1		4.1		0.465		L
50.799999		+47.910000		12.454		11.495		0.021		0.018		+21.2		-28.7		4.1		4.1		0.548		DL
50.799999		+47.862999		11.320		10.633		0.021		0.023		+22.7		-20.4		4.0		4.0		0.753		-
50.813000		+50.417000		15.094		13.934		0.047		0.052		+25.9		-28.9		5.5		5.5		0.127		-
50.845001		+49.493999		12.613		11.705		0.022		0.016		+21.0		-30.9		4.1		4.1		0.524		-
50.849998		+49.188000		13.329		12.429		0.024		0.026		+14.8		-26.8		4.1		4.1		0.394		-
50.856998		+51.422001		13.863		12.927		0.029		0.030		+24.3		-29.9		5.5		5.5		0.289		-
50.862000		+47.869999		14.059		13.072		0.029		0.036		+25.8		-32.6		4.0		4.0		0.254		-
50.862999		+51.602001		14.806		13.841		0.035		0.045		+14.8		-16.5		5.5		5.5		0.155		-
50.869999		+50.388000		14.973		14.006		0.042		0.050		+30.1		-22.4		5.5		5.5		0.137		-
50.882000		+47.858002		14.551		13.580		0.033		0.040		+34.6		-29.7		5.3		5.3		0.183		-
50.883999		+46.332001		10.828		10.246		0.021		0.025		+13.7		-35.4		5.4		5.3		0.853		-
50.884998		+48.187000		13.562		12.589		0.023		0.023		+28.0		-28.6		4.1		4.1		0.350		L
50.888000		+48.762001		14.304		13.360		0.030		0.036		+23.1		-28.9		4.1		4.1		0.217		-
50.894001		+48.469002		15.400		14.495		0.056		0.080		+24.5		-23.0		5.6		5.6		0.104		-
50.903000		+50.105999		14.326		13.387		0.033		0.035		+26.2		-22.1		5.5		5.5		0.212		L
50.903000		+48.980999		10.900		10.309		0.023		0.022		+15.8		-30.4		4.1		4.1		0.836		D
50.904999		+48.620998		14.989		14.016		0.038		0.053		+20.0		-28.8		5.5		5.5		0.137		LB
50.910999		+48.875999		15.310		14.337		0.054		0.073		+22.1		-19.1		5.5		5.5		0.110		-
50.923000		+46.311001		15.480		14.533		0.056		0.091		+16.5		-21.0		5.5		5.5		0.099		-
50.923000		+45.894001		13.384		12.428		0.026		0.023		+28.2		-23.2		4.0		4.0		0.382		-
50.924000		+47.589001		13.844		13.008		0.031		0.035		+22.4		-27.5		4.0		4.0		0.292		DL
50.924999		+50.463001		12.561		11.642		0.023		0.019		+23.4		-24.5		4.1		4.1		0.531		DL
50.929836		+51.770363		07.599		07.541		0.027		0.017		+23.2		-25.2		0.8		0.8		2.239		-
50.939999		+49.331001		12.883		11.998		0.021		0.019		+17.3		-28.6		4.1		4.1		0.479		DL
50.944000		+47.988998		12.848		11.872		0.021		0.021		+22.6		-26.1		4.1		4.1		0.486		DL
50.947205		+48.604420		06.918		06.880		0.023		0.018		+25.0		-25.1		0.7		0.8		2.927		-
50.949001		+46.646999		14.699		13.751		0.044		0.047		+16.6		-27.5		4.0		4.0		0.163		-
50.951000		+49.638000		13.520		12.578		0.024		0.023		+18.9		-27.7		4.1		4.1		0.357		L
50.952999		+47.723999		15.352		14.411		0.058		0.083		+22.8		-20.8		4.1		4.1		0.107		-
50.970001		+48.705002		14.276		13.358		0.029		0.039		+19.5		-31.9		4.1		4.1		0.221		-
50.973000		+45.754002		15.289		14.411		0.044		0.067		+13.4		-22.1		4.1		4.1		0.113		-
50.979000		+50.743000		14.273		13.330		0.029		0.036		+27.1		-31.8		4.1		4.1		0.222		-
50.981998		+47.448002		13.777		12.887		0.024		0.030		+24.4		-33.5		4.0		4.0		0.307		L
50.985001		+48.155998		13.882		13.038		0.023		0.029		+22.0		-29.5		4.1		4.1		0.288		DLB
50.992001		+51.320999		15.417		14.550		0.057		0.093		+19.1		-17.1		5.6		5.6		0.102		-
50.993999		+49.221001		15.187		14.231		0.048		0.068		+16.4		-28.2		4.1		4.1		0.119		-
51.000000		+49.966999		11.293		10.506		0.021		0.018		+19.6		-24.3		4.1		4.1		0.759		-
51.000000		+48.903000		15.408		14.465		0.062		0.083		+24.3		-27.0		5.6		5.6		0.102		LB
51.000999		+47.924999		14.985		13.913		0.044		0.051		+18.3		-31.0		5.5		5.5		0.136		LB
51.014000		+47.618000		13.211		12.274		0.026		0.025		+19.6		-28.0		4.0		4.0		0.415		L
51.021000		+49.403999		14.609		13.787		0.035		0.046		+20.8		-35.4		5.5		5.5		0.176		DL
51.023998		+48.186001		12.635		11.697		0.021		0.019		+19.6		-32.3		4.1		4.1		0.521		DL
51.025002		+48.523998		13.091		12.205		0.021		0.021		+21.1		-29.6		4.1		4.1		0.440		-
51.028000		+49.414001		12.319		11.415		0.021		0.018		+20.2		-29.3		4.1		4.1		0.566		DL
51.030998		+47.445999		14.911		14.075		0.043		0.054		+17.4		-31.7		4.0		4.0		0.142		-
51.041000		+48.765999		13.205		12.343		0.021		0.022		+17.0		-27.6		4.1		4.1		0.419		DL
51.062000		+46.875000		13.782		12.884		0.029		0.034		+26.7		-28.6		4.0		4.0		0.304		DL
51.074001		+49.740002		11.431		10.666		0.021		0.018		+13.8		-20.3		7.9		7.9		0.730		-
51.079910		+49.221264		08.293		08.113		0.018		0.026		+22.1		-24.2		1.5		1.5		1.681		-
51.080711		+49.861183		00.830		00.520		0.184		0.164		+24.1		-25.2		0.2		0.2		5.114		-
51.081001		+46.426998		13.952		13.039		0.029		0.033		+12.9		-25.9		4.0		4.0		0.273		L
51.083000		+48.789001		10.463		09.963		0.018		0.016		+20.2		-26.3		2.3		2.3		0.938		-
51.087002		+49.709999		13.294		12.475		0.022		0.025		+18.1		-26.8		4.1		4.1		0.401		-
51.091000		+48.312000		15.476		14.607		0.065		0.098		+14.6		-33.8		5.6		5.6		0.098		-
51.094002		+47.470001		15.211		14.140		0.047		0.065		+25.1		-27.0		5.4		5.4		0.118		L
51.095001		+48.334000		13.141		12.247		0.019		0.024		+24.9		-26.7		4.1		4.1		0.432		DL
51.099998		+47.459000		15.206		14.283		0.049		0.073		+20.5		-30.3		5.4		5.4		0.118		L
51.105000		+48.806000		11.551		10.758		0.018		0.020		+17.7		-25.7		4.1		4.1		0.701		-
51.109001		+48.735001		12.377		11.469		0.019		0.020		+16.7		-23.2		4.1		4.1		0.559		DL
51.115002		+50.270000		14.848		13.866		0.042		0.054		+25.0		-27.7		5.5		5.5		0.149		-
51.116001		+46.279999		14.314		13.323		0.034		0.032		+14.6		-30.3		4.0		4.0		0.213		L
51.125149		+49.139904		07.705		07.693		0.023		0.024		+23.1		-24.6		1.0		0.9		2.150		-
51.134998		+47.453999		15.309		14.454		0.054		0.090		+21.8		-33.7		4.1		4.1		0.110		-
51.145000		+50.235001		14.289		13.375		0.031		0.036		+23.7		-22.2		4.1		4.1		0.218		-
51.154999		+47.681000		13.748		12.859		0.025		0.029		+23.6		-24.7		4.0		4.0		0.312		DL
51.161999		+48.287998		14.129		13.274		0.026		0.037		+24.1		-22.9		4.1		4.1		0.245		LB
51.176998		+47.826000		14.282		13.293		0.031		0.042		+17.2		-28.5		5.3		5.3		0.219		L
51.180000		+50.255001		13.228		12.302		0.022		0.023		+22.2		-31.1		4.1		4.1		0.414		D
51.183998		+48.313000		14.477		13.571		0.029		0.042		+24.6		-19.2		4.1		4.1		0.194		-
51.186001		+49.285999		12.855		11.961		0.023		0.021		+19.6		-26.7		4.1		4.1		0.484		L
51.188999		+49.030998		15.254		14.448		0.052		0.085		+26.4		-33.0		5.6		5.6		0.114		L
51.194000		+48.754002		14.065		13.221		0.026		0.032		+23.0		-31.9		4.1		4.1		0.254		L
51.196205		+48.411659		08.881		08.663		0.021		0.016		+23.2		-26.4		1.1		1.1		1.383		-
51.200001		+47.219002		12.776		11.871		0.022		0.026		+19.9		-29.6		4.0		4.0		0.498		L
51.207001		+48.872002		10.108		09.592		0.018		0.019		+21.7		-27.3		1.7		1.7		1.023		-
51.216000		+49.561001		14.443		13.505		0.032		0.041		+18.0		-33.7		5.5		5.5		0.197		L
51.217045		+47.915123		07.320		07.312		0.017		0.018		+23.5		-25.3		1.6		1.7		2.534		-
51.217999		+50.757999		15.219		14.637		0.066		0.103		+35.6		-23.7		5.6		5.6		0.114		-
51.229664		+47.415016		08.829		08.604		0.019		0.026		+23.4		-25.9		1.1		1.2		1.404		-
51.237999		+47.198002		15.358		14.548		0.056		0.093		+16.0		-22.0		5.4		5.4		0.107		-
51.237999		+50.573002		15.437		14.500		0.057		0.093		+20.4		-29.0		5.6		5.6		0.101		-
51.244999		+50.279999		13.316		12.398		0.023		0.025		+20.2		-25.3		4.1		4.1		0.397		DL
51.247002		+49.057999		14.218		13.298		0.028		0.037		+22.9		-34.0		4.1		4.1		0.230		D
51.248001		+49.028999		13.400		12.475		0.023		0.025		+20.1		-29.4		4.1		4.1		0.381		L
51.252998		+49.131001		14.071		13.187		0.026		0.035		+20.0		-32.2		4.1		4.1		0.253		DL
51.256001		+49.035000		11.964		11.087		0.019		0.020		+20.1		-26.9		4.1		4.1		0.615		-
51.264000		+49.112000		12.933		12.034		0.021		0.023		+22.0		-26.8		4.1		4.1		0.470		DL
51.268173		+49.795406		08.337		08.175		0.024		0.018		+22.7		-25.4		1.2		1.3		1.641		-
51.277000		+47.999001		15.289		14.290		0.056		0.068		+16.3		-17.1		5.5		5.5		0.111		-
51.279999		+51.193001		12.790		11.905		0.022		0.020		+19.5		-27.1		4.1		4.1		0.496		L
51.283001		+49.467999		13.972		13.087		0.026		0.031		+21.3		-27.2		4.1		4.1		0.271		L
51.291000		+48.394001		13.072		12.140		0.023		0.023		+24.0		-33.6		4.1		4.1		0.443		DL
51.292999		+48.995998		12.588		11.750		0.021		0.018		+22.0		-33.5		4.1		4.1		0.528		DL
51.296001		+49.070999		12.769		11.882		0.022		0.019		+25.2		-28.5		4.1		4.1		0.500		L
51.306000		+50.459000		14.274		13.280		0.030		0.032		+22.0		-34.8		4.1		4.1		0.221		LB
51.317001		+50.469002		13.970		13.093		0.029		0.030		+15.6		-27.0		4.1		4.1		0.270		-
51.318001		+48.373001		10.538		10.010		0.025		0.020		+17.3		-24.9		2.3		2.2		0.916		D
51.320000		+49.379002		13.882		12.991		0.026		0.031		+22.2		-29.1		4.1		4.1		0.287		L
51.327000		+49.007999		15.028		14.115		0.047		0.063		+30.6		-21.2		4.1		4.1		0.132		-
51.327000		+45.730000		15.447		14.545		0.054		0.089		+27.9		-21.7		5.4		5.4		0.101		-
51.334000		+47.793999		15.092		14.141		0.048		0.062		+17.5		-18.7		4.0		4.0		0.127		-
51.335999		+51.013000		14.511		13.623		0.035		0.049		+27.6		-29.3		4.1		4.1		0.188		DL
51.336342		+49.316170		08.037		07.998		0.020		0.018		+20.6		-24.0		1.4		1.4		1.872		L
51.338001		+46.775002		15.084		14.091		0.049		0.071		+18.3		-22.0		4.0		4.0		0.127		-
51.346001		+48.782001		13.639		12.782		0.024		0.025		+19.5		-27.1		4.1		4.1		0.334		L
51.368999		+47.804001		14.119		13.230		0.031		0.034		+21.2		-30.4		4.0		4.0		0.244		-
51.382999		+48.502998		11.383		10.601		0.020		0.016		+23.0		-27.2		4.1		4.1		0.741		-
51.398998		+47.396000		13.264		12.371		0.024		0.028		+18.6		-28.0		4.0		4.0		0.406		DL
51.401001		+48.932999		13.522		12.572		0.024		0.021		+20.6		-29.4		4.1		4.1		0.357		DL
51.406849		+50.321651		08.900		08.614		0.021		0.019		+20.2		-25.4		1.2		1.3		1.376		-
51.406902		+47.020638		08.377		08.295		0.026		0.020		+22.6		-25.4		1.2		1.3		1.612		-
51.424999		+51.306000		13.331		12.464		0.024		0.026		+26.0		-25.5		4.1		4.1		0.393		D
51.431999		+48.407001		13.672		12.770		0.024		0.023		+20.4		-29.3		4.1		4.1		0.328		DL
51.436001		+48.166000		14.312		13.408		0.032		0.035		+20.6		-22.7		4.1		4.1		0.215		-
51.438000		+49.469002		13.792		12.894		0.025		0.030		+26.2		-31.6		4.1		4.1		0.304		DL
51.438999		+48.924000		15.145		14.212		0.049		0.069		+14.3		-28.9		5.5		5.5		0.122		-
51.450001		+49.776001		14.020		13.081		0.028		0.029		+25.3		-27.4		4.1		4.1		0.261		-
51.451000		+48.761002		15.368		14.582		0.058		0.091		+19.4		-32.4		4.2		5.4		0.106		-
51.465000		+51.258999		13.662		12.741		0.026		0.028		+24.4		-31.3		4.1		4.1		0.329		-
51.474998		+48.519001		11.087		10.433		0.019		0.019		+21.6		-29.4		4.1		4.1		0.800		-
51.479000		+49.257999		14.911		14.242		0.051		0.084		+09.7		-22.2		5.5		5.5		0.140		-
51.488998		+47.730999		12.734		11.855		0.027		0.018		+26.6		-33.2		4.0		4.0		0.503		-
51.489086		+49.120754		06.198		06.309		0.021		0.016		+22.3		-27.3		0.7		0.7		3.691		-
51.497002		+48.570000		14.352		13.403		0.031		0.041		+25.9		-32.0		4.1		4.1		0.209		D
51.505001		+48.653000		12.601		11.692		0.021		0.023		+19.8		-26.8		4.1		4.1		0.526		L
51.517544		+48.801952		09.494		09.165		0.018		0.020		+20.2		-24.5		1.6		1.6		1.191		-
51.544216		+48.221756		08.090		08.073		0.018		0.019		+23.0		-24.9		1.4		1.4		1.834		-
51.545219		+48.384041		07.358		07.415		0.018		0.021		+21.8		-25.7		0.8		0.9		2.494		-
51.549999		+49.875000		13.841		12.941		0.027		0.029		+21.2		-29.5		4.1		4.1		0.294		D
51.553001		+48.152000		10.991		10.395		0.021		0.020		+18.0		-29.6		4.1		4.1		0.819		-
51.558998		+48.710999		12.479		11.555		0.021		0.023		+15.8		-25.6		4.1		4.1		0.544		-
51.567001		+45.998001		13.681		12.793		0.027		0.026		+24.7		-28.2		4.0		4.0		0.324		D
51.568001		+48.841000		10.810		10.214		0.017		0.020		+16.8		-26.9		4.1		4.1		0.859		-
51.571999		+51.231998		14.798		13.960		0.039		0.061		+12.5		-27.2		5.5		5.5		0.155		-
51.595001		+48.298000		14.760		13.880		0.036		0.052		+17.6		-21.7		4.1		4.1		0.159		-
51.599998		+46.372002		14.250		13.357		0.040		0.033		+23.6		-17.5		4.0		4.0		0.221		-
51.602001		+45.573002		10.566		09.992		0.026		0.018		+10.6		-17.3		7.1		6.8		0.909		-
51.602001		+49.860001		14.720		13.823		0.037		0.050		+21.0		-25.1		5.5		5.5		0.163		DL
51.605999		+48.334999		10.374		09.875		0.021		0.019		+20.2		-21.7		2.3		2.3		0.957		-
51.611000		+45.751999		11.463		10.742		0.027		0.018		+17.5		-26.8		4.0		4.0		0.720		-
51.612999		+46.839001		15.107		14.054		0.045		0.045		+19.4		-21.5		4.0		4.0		0.126		-
51.615002		+49.036999		10.775		10.110		0.021		0.017		+18.9		-29.4		4.1		4.1		0.865		-
51.618000		+49.691002		12.565		11.692		0.022		0.020		+22.1		-30.0		4.1		4.1		0.531		DL
51.624001		+51.532001		15.257		14.133		0.053		0.063		+12.6		-23.0		5.5		5.5		0.114		-
51.629002		+48.237000		14.571		13.591		0.034		0.044		+19.1		-28.4		5.5		5.5		0.181		L
51.636066		+47.266422		07.797		07.726		0.026		0.026		+23.0		-26.7		0.8		0.8		2.061		-
51.637001		+47.412998		14.019		13.093		0.029		0.022		+22.3		-18.1		4.0		4.0		0.261		-
51.647999		+49.262001		15.123		14.222		0.048		0.056		+19.2		-30.0		5.4		5.4		0.124		LB
51.650002		+51.375999		12.281		11.379		0.024		0.026		+17.6		-22.3		4.0		4.0		0.570		L
51.653000		+49.637001		13.240		12.373		0.024		0.024		+25.2		-27.1		4.0		4.0		0.411		L
51.653999		+46.946999		13.039		12.168		0.024		0.022		+20.8		-25.3		4.0		4.0		0.449		DL
51.663261		+47.882305		08.600		08.335		0.030		0.018		+22.8		-25.6		1.3		1.3		1.488		-
51.664379		+50.846500		07.347		07.382		0.026		0.018		+23.5		-26.4		0.7		0.7		2.485		-
51.665001		+45.608002		14.680		13.743		0.036		0.037		+17.0		-28.8		4.0		4.0		0.168		-
51.667000		+48.319000		13.282		12.342		0.027		0.026		+22.7		-26.5		4.0		4.0		0.401		L
51.669811		+48.776894		08.764		08.567		0.026		0.022		+21.6		-25.0		1.5		1.5		1.423		-
51.669998		+49.959999		13.035		12.081		0.026		0.025		+19.3		-25.8		4.0		4.0		0.449		DL
51.685001		+48.090000		14.537		13.546		0.034		0.045		+21.2		-25.6		4.0		4.0		0.185		-
51.700001		+50.037998		14.618		13.727		0.034		0.045		+17.5		-27.7		5.3		5.3		0.175		DLB
51.708790		+48.792225		09.200		08.894		0.023		0.022		+19.7		-25.1		1.7		1.7		1.275		-
51.715000		+51.910999		14.312		13.405		0.034		0.033		+31.3		-26.4		4.0		4.0		0.214		DL
51.716000		+47.047001		12.343		11.453		0.026		0.024		+16.0		-25.3		4.0		4.0		0.562		L
51.716999		+50.008999		14.329		13.386		0.030		0.038		+18.3		-24.6		5.3		5.3		0.213		LB
51.721001		+51.627998		11.013		10.506		0.024		0.023		+14.6		-21.1		4.0		4.0		0.821		-
51.730000		+51.501999		15.016		13.944		0.039		0.054		+24.8		-17.3		4.0		4.0		0.135		-
51.741001		+51.928001		15.196		14.051		0.051		0.057		+23.4		-19.9		4.0		4.0		0.118		-
51.755001		+48.070000		15.436		14.493		0.050		0.072		+29.5		-32.8		4.1		4.1		0.102		-
51.759998		+48.839001		13.179		12.300		0.024		0.025		+20.8		-30.0		4.0		4.0		0.422		L
51.759998		+51.714001		14.735		13.827		0.040		0.047		+27.7		-33.5		4.0		4.0		0.161		-
51.761002		+49.686001		13.551		12.681		0.022		0.023		+21.7		-27.4		4.0		4.0		0.352		L
51.763542		+48.787052		08.966		08.682		0.037		0.022		+21.8		-24.0		1.5		1.5		1.339		-
51.764999		+47.813000		13.492		12.573		0.032		0.027		+24.7		-22.5		4.0		4.0		0.359		L
51.771530		+48.205509		06.752		06.796		0.018		0.016		+22.9		-24.8		0.7		0.8		3.113		-
51.772999		+47.424999		14.158		13.213		0.031		0.030		+25.0		-29.5		4.0		4.0		0.238		DL
51.776001		+46.606998		14.679		13.752		0.038		0.043		+22.0		-18.4		4.0		4.0		0.167		-
51.786999		+46.653000		14.340		13.404		0.032		0.033		+18.7		-24.1		4.0		4.0		0.210		-
51.787998		+51.598999		13.982		13.176		0.040		0.033		+18.4		-35.1		4.0		4.0		0.263		-
51.801998		+46.356998		15.095		14.099		0.050		0.056		+13.7		-29.9		4.0		4.0		0.126		-
51.806999		+49.243000		14.653		13.804		0.035		0.039		+18.5		-36.4		5.3		5.3		0.171		L
51.808853		+50.878868		09.079		08.778		0.026		0.021		+22.9		-26.3		1.1		1.2		1.311		-
51.834999		+47.990002		11.214		10.468		0.024		0.020		+19.9		-29.2		4.0		4.0		0.773		-
51.842999		+51.133999		14.803		13.937		0.045		0.052		+16.0		-25.1		4.0		4.0		0.153		-
51.847000		+48.374001		11.021		10.339		0.021		0.022		+15.2		-24.6		4.0		4.0		0.813		-
51.849998		+46.771000		14.155		13.240		0.029		0.032		+22.6		-31.4		4.0		4.0		0.239		DL
51.851002		+51.738998		15.424		14.616		0.065		0.095		+16.6		-23.5		4.1		4.1		0.101		-
51.853001		+46.637001		14.389		13.557		0.029		0.035		+18.5		-21.4		4.0		4.0		0.204		-
51.874001		+47.395000		14.227		13.282		0.032		0.033		+24.1		-30.5		4.0		4.0		0.227		L
51.874001		+46.910000		15.352		14.508		0.060		0.067		+19.2		-30.9		5.4		5.4		0.106		-
51.877998		+47.023998		14.625		13.680		0.036		0.039		+13.0		-27.4		4.0		4.0		0.174		-
51.889000		+46.646999		14.747		13.703		0.043		0.042		+32.8		-18.7		5.3		5.3		0.159		-
51.894001		+48.962002		12.425		11.559		0.023		0.027		+21.3		-35.0		4.0		4.0		0.552		L
51.896000		+47.955002		13.987		13.073		0.031		0.033		+15.5		-27.7		4.0		4.0		0.266		DL
51.896999		+46.127998		15.269		14.258		0.049		0.059		+18.0		-19.6		4.1		4.1		0.113		-
51.896999		+51.202999		12.273		11.369		0.022		0.026		+23.2		-28.4		4.0		4.0		0.572		DL
51.904999		+47.959999		15.350		14.503		0.056		0.075		+12.8		-29.4		5.4		5.4		0.107		-
51.906628		+48.272953		07.691		07.643		0.023		0.020		+22.4		-25.3		1.4		1.3		2.163		-
51.907475		+48.991333		09.433		09.137		0.020		0.024		+18.7		-25.8		1.6		1.6		1.208		-
51.909000		+48.090000		14.909		13.997		0.047		0.000		+17.0		-33.9		5.3		5.3		0.141		L
51.912373		+49.599918		06.892		06.959		0.023		0.023		+21.5		-26.2		0.6		0.7		2.954		-
51.916000		+47.491001		12.858		11.953		0.029		0.022		+22.2		-23.6		4.0		4.0		0.480		-
51.917999		+45.792000		10.913		10.179		0.029		0.020		+15.0		-24.1		4.0		4.0		0.831		-
51.931000		+50.816002		12.770		11.858		0.023		0.026		+21.8		-33.5		4.0		4.0		0.499		DL
51.937000		+46.492001		15.162		14.270		0.046		0.059		+16.6		-18.2		4.1		4.1		0.121		-
51.945000		+50.176998		10.911		10.288		0.023		0.025		+21.4		-25.6		4.0		4.0		0.834		-
51.949001		+49.005001		10.702		10.076		0.020		0.024		+14.9		-25.8		4.0		4.0		0.882		-
51.952000		+48.787998		13.224		12.379		0.026		0.027		+21.1		-27.9		4.0		4.0		0.413		D
51.952000		+49.904999		13.132		12.217		0.026		0.026		+13.6		-28.9		4.0		4.0		0.430		L
51.952999		+46.977001		14.493		13.469		0.030		0.035		+22.8		-28.1		4.0		4.0		0.191		L
51.953999		+50.530998		13.052		12.183		0.024		0.030		+19.4		-27.7		4.0		4.0		0.446		DL
51.955002		+47.459000		12.419		11.515		0.027		0.024		+23.9		-27.7		4.0		4.0		0.551		DL
51.958000		+48.078999		13.721		12.847		0.029		0.031		+24.1		-30.5		4.0		4.0		0.316		DL
51.959000		+49.904999		12.580		11.643		0.025		0.025		+25.1		-35.8		4.0		4.0		0.527		L
51.962002		+50.819000		14.935		13.955		0.048		0.054		+27.9		-28.1		4.0		4.0		0.139		-
51.974998		+51.282001		12.855		11.969		0.023		0.028		+17.0		-29.9		4.0		4.0		0.484		DL
51.979225		+49.760334		09.482		09.156		0.022		0.025		+18.8		-24.6		1.7		1.7		1.192		-
51.982414		+47.735931		07.078		07.105		0.023		0.020		+23.5		-26.2		0.7		0.8		2.761		-
51.983002		+51.418999		14.252		13.369		0.033		0.036		+25.8		-33.3		4.0		4.0		0.223		-
51.987000		+46.992001		15.476		14.501		0.060		0.067		+15.5		-34.2		5.4		5.5		0.099		-
52.001999		+47.582001		12.826		11.884		0.027		0.022		+25.9		-26.3		4.0		4.0		0.487		D
52.002998		+49.000000		11.037		10.422		0.021		0.026		+13.9		-31.4		4.0		4.0		0.809		-
52.009998		+50.509998		15.497		14.403		0.065		0.070		+18.8		-29.8		5.4		5.4		0.097		-
52.009998		+47.429001		13.631		12.664		0.029		0.022		+29.3		-20.4		4.0		4.0		0.333		-
52.012783		+49.062874		05.117		05.217		0.041		0.016		+21.1		-24.1		2.4		2.2		4.597		-
52.013000		+50.672001		12.900		12.032		0.023		0.027		+18.5		-29.3		4.0		4.0		0.475		DL
52.020000		+49.761002		13.529		12.675		0.027		0.032		+16.6		-23.5		4.0		4.0		0.354		-
52.028000		+46.088001		14.960		13.945		0.045		0.051		+18.2		-23.3		5.3		5.3		0.138		L
52.037998		+49.721001		13.206		12.315		0.025		0.029		+19.6		-29.5		4.0		4.0		0.417		L
52.041000		+50.698002		15.299		14.363		0.050		0.073		+10.6		-22.1		5.4		5.4		0.111		-
52.043999		+47.424000		11.194		10.443		0.027		0.020		+15.3		-23.9		4.0		4.0		0.775		-
52.047001		+46.719002		14.905		14.000		0.036		0.048		+22.7		-30.4		5.3		5.3		0.144		D
52.051998		+49.140999		13.910		13.038		0.029		0.034		+18.8		-29.9		5.3		5.3		0.281		L
52.054001		+48.333000		12.883		11.999		0.026		0.027		+18.9		-28.7		4.0		4.0		0.477		DL
52.056000		+47.485001		13.912		13.003		0.032		0.025		+15.9		-26.8		4.0		4.0		0.279		-
52.056000		+48.938000		13.345		12.428		0.026		0.028		+14.2		-27.5		4.0		4.0		0.390		L
52.056999		+49.220001		11.362		10.720		0.019		0.026		+32.4		-27.9		4.0		4.0		0.746		-
52.064999		+46.803001		10.588		10.171		0.027		0.022		+09.4		-22.1		7.9		7.9		0.903		-
52.064999		+48.195000		13.760		12.856		0.029		0.031		+16.2		-27.0		4.0		4.0		0.308		L
52.071999		+48.682999		11.079		10.395		0.021		0.022		+36.6		-22.9		9.9		9.9		0.801		-
52.077427		+49.952877		07.649		07.544		0.021		0.024		+22.2		-24.2		1.6		1.5		2.206		-
52.078999		+47.571999		14.902		13.884		0.039		0.048		+17.6		-25.0		5.4		5.4		0.144		-
52.085999		+46.505001		11.174		10.561		0.027		0.018		+25.6		-18.5		4.0		4.0		0.779		-
52.091000		+50.602001		10.403		09.845		0.021		0.026		+18.0		-25.9		5.1		5.1		0.950		-
52.091000		+51.021000		15.025		14.089		0.051		0.056		+21.7		-14.0		5.3		5.3		0.132		-
52.091000		+47.602001		12.200		11.266		0.030		0.024		+20.2		-23.2		4.0		4.0		0.579		D
52.094002		+49.241001		10.942		10.383		0.021		0.024		+15.9		-29.8		4.0		4.0		0.829		-
52.098000		+47.571999		14.854		13.924		0.036		0.047		+24.4		-26.9		5.3		5.3		0.150		-
52.098999		+47.613998		11.044		10.392		0.025		0.020		+16.9		-27.2		4.0		4.0		0.806		D
52.106998		+45.868999		14.227		13.319		0.030		0.024		+17.7		-28.6		4.0		4.0		0.228		-
52.106998		+51.404999		14.453		13.503		0.038		0.042		+26.1		-24.9		5.3		5.3		0.194		-
52.120998		+45.667999		14.739		13.779		0.036		0.038		+20.0		-27.8		4.0		4.0		0.161		D
52.120998		+50.303001		13.810		12.907		0.032		0.032		+20.5		-22.5		4.0		4.0		0.297		DL
52.125000		+48.152000		14.430		13.463		0.033		0.040		+16.0		-35.6		5.3		5.3		0.198		L
52.131260		+48.940922		08.838		08.642		0.019		0.022		+22.2		-27.1		1.9		1.9		1.401		-
52.137001		+50.166000		10.798		10.261		0.021		0.025		+20.6		-28.2		3.0		3.0		0.860		-
52.144424		+50.266872		08.975		08.687		0.021		0.025		+21.9		-25.8		1.5		1.5		1.349		-
52.146000		+47.917999		13.309		12.403		0.027		0.025		+20.2		-27.1		4.0		4.0		0.396		DL
52.150002		+49.418999		13.051		12.176		0.023		0.028		+20.8		-30.9		4.0		4.0		0.447		DL
52.154999		+47.508999		15.335		14.379		0.044		0.055		+20.3		-19.9		5.4		5.4		0.110		-
52.158001		+46.790001		14.526		13.655		0.040		0.039		+20.1		-26.9		5.3		5.3		0.184		-
52.158272		+49.387634		08.070		08.047		0.019		0.027		+21.7		-25.6		1.4		1.4		1.848		-
52.159000		+47.924000		13.394		12.510		0.029		0.020		+15.7		-30.8		4.0		4.0		0.379		L
52.167000		+49.853001		13.656		12.825		0.025		0.032		+20.0		-24.1		5.3		5.3		0.330		L
52.180000		+48.714001		14.196		13.305		0.032		0.039		+19.3		-25.2		4.0		4.0		0.232		-
52.181999		+48.877998		15.460		14.598		0.065		0.087		+15.6		-24.4		5.5		5.5		0.099		L
52.187000		+49.608002		14.135		13.357		0.033		0.039		+30.0		-20.5		4.0		4.0		0.241		-
52.193001		+46.393002		14.308		13.446		0.027		0.030		+17.3		-32.6		4.0		4.0		0.217		-
52.196999		+47.146999		14.109		13.297		0.030		0.030		+24.7		-30.3		4.0		4.0		0.246		-
52.199001		+50.033001		14.710		13.818		0.042		0.039		+24.4		-28.4		5.3		5.3		0.163		DLB
52.202999		+48.340000		12.760		11.910		0.027		0.020		+20.7		-30.9		4.0		4.0		0.499		DL
52.207001		+48.910999		15.466		14.624		0.062		0.070		+19.1		-20.1		5.4		5.4		0.099		L
52.209000		+48.126999		13.530		12.635		0.032		0.022		+16.7		-30.5		4.0		4.0		0.352		L
52.216999		+47.928001		14.055		13.277		0.030		0.028		+17.5		-29.9		4.0		4.0		0.254		-
52.218029		+49.848381		05.596		05.654		0.024		0.016		+22.3		-26.1		0.5		0.6		4.266		-
52.226002		+50.271999		12.412		11.488		0.027		0.020		+30.2		-20.1		4.0		4.0		0.552		L
52.230000		+49.002998		14.055		13.124		0.029		0.033		+21.1		-25.4		4.0		4.0		0.255		D
52.237999		+49.567001		12.362		11.433		0.025		0.018		+17.5		-23.5		4.0		4.0		0.559		L
52.238998		+51.005001		15.422		14.620		0.053		0.079		+10.3		-26.6		5.4		5.4		0.102		-
52.242001		+51.734001		15.374		14.307		0.040		0.070		+24.5		-22.6		5.4		5.4		0.108		-
52.251999		+49.312000		15.426		14.525		0.055		0.074		+18.1		-35.8		5.4		5.4		0.102		-
52.264999		+50.353001		10.422		09.982		0.027		0.019		+19.7		-21.3		3.2		3.2		0.942		-
52.275002		+51.623001		15.444		14.755		0.056		0.094		+18.2		-33.2		4.1		4.1		0.101		-
52.276001		+49.320000		13.071		12.173		0.027		0.018		+22.0		-26.0		4.0		4.0		0.441		L
52.277000		+46.935001		13.410		12.450		0.024		0.018		+19.5		-30.4		4.0		4.0		0.378		-
52.281853		+48.302895		07.306		07.320		0.043		0.018		+23.3		-27.7		1.7		1.7		2.484		-
52.284454		+48.180786		08.995		08.772		0.018		0.020		+23.0		-28.8		2.4		2.4		1.345		-
52.300999		+46.061001		14.573		13.696		0.033		0.044		+15.8		-31.9		4.0		4.0		0.181		-
52.304001		+50.134998		12.607		11.685		0.025		0.018		+23.7		-28.2		4.0		4.0		0.523		DL
52.308998		+49.101002		15.206		14.268		0.046		0.060		+11.6		-30.8		5.4		5.4		0.118		L
52.314999		+47.891998		13.047		12.159		0.026		0.021		+22.7		-34.4		4.0		4.0		0.446		L
52.314999		+46.722000		15.299		14.489		0.040		0.069		+12.5		-33.2		5.4		5.4		0.113		-
52.317001		+50.314999		14.999		13.998		0.035		0.043		+20.4		-33.2		5.3		5.3		0.137		L
52.328999		+46.124001		12.078		11.210		0.027		0.020		+21.3		-30.0		4.0		4.0		0.596		D
52.333000		+48.707001		13.334		12.433		0.027		0.025		+22.3		-36.6		4.0		4.0		0.391		-
52.337002		+46.513000		13.245		12.366		0.023		0.023		+15.9		-26.9		4.0		4.0		0.410		L
52.341869		+49.508957		05.311		04.854		0.262		0.018		+19.4		-24.3		2.2		2.1		3.979		-
52.342091		+49.508762		05.311		04.854		0.262		0.018		+19.4		-24.3		2.2		2.1		3.979		-
52.352001		+50.507999		13.563		12.593		0.032		0.026		+25.8		-27.7		4.0		4.0		0.345		L
52.353985		+48.962528		09.199		08.924		0.024		0.024		+26.0		-24.4		1.5		1.6		1.274		-
52.354000		+46.034000		14.186		13.262		0.032		0.028		+15.8		-27.3		4.0		4.0		0.234		L
52.359325		+48.203251		08.816		08.528		0.023		0.020		+24.6		-26.4		1.5		1.5		1.405		-
52.359524		+46.937870		05.875		05.903		0.030		0.021		+24.4		-28.1		2.0		2.0		3.994		-
52.361000		+49.342999		11.124		10.450		0.027		0.025		+18.6		-26.4		4.0		4.0		0.789		-
52.379002		+49.049999		13.969		12.976		0.032		0.034		+18.9		-29.5		4.0		4.0		0.268		L
52.380001		+46.292000		11.194		10.662		0.029		0.019		+24.6		-23.8		7.7		7.7		0.800		-
52.381001		+45.631001		14.829		13.889		0.047		0.049		+22.7		-18.0		4.0		4.0		0.150		-
52.391998		+48.981998		14.016		13.130		0.030		0.038		+28.0		-26.2		4.0		4.0		0.261		DL
52.394001		+48.262001		14.903		13.957		0.048		0.057		+16.2		-27.9		4.0		4.0		0.142		-
52.409000		+49.334000		13.227		12.295		0.026		0.026		+18.2		-29.2		4.0		4.0		0.412		DL
52.418999		+50.990002		12.647		11.747		0.022		0.021		+19.3		-31.8		4.0		4.0		0.518		DL
52.428001		+50.354000		15.281		14.756		0.065		0.102		+14.1		-25.9		5.5		5.5		0.130		-
52.431000		+48.112000		15.480		14.604		0.066		0.076		+14.7		-26.1		5.4		5.4		0.098		-
52.431999		+49.801998		11.444		10.716		0.020		0.021		+23.6		-17.0		4.0		4.0		0.728		-
52.437000		+48.816002		14.769		13.932		0.039		0.056		+25.9		-35.1		5.3		5.3		0.158		L
52.443001		+49.250000		14.894		13.971		0.047		0.052		+23.2		-20.7		4.0		4.0		0.143		-
52.459999		+48.110001		13.080		12.218		0.025		0.029		+15.9		-31.5		4.0		4.0		0.441		DL
52.466141		+49.213451		07.005		06.977		0.024		0.018		+21.8		-24.4		1.4		1.7		2.834		-
52.472000		+47.377998		14.180		13.216		0.027		0.030		+18.4		-31.4		4.0		4.0		0.236		L
52.491001		+48.437000		13.896		13.031		0.030		0.033		+16.6		-29.0		4.0		4.0		0.283		D
52.507000		+45.938000		13.355		12.495		0.028		0.032		+23.7		-27.7		4.0		4.0		0.387		L
52.520000		+49.259998		12.813		11.937		0.023		0.026		+17.2		-33.0		4.0		4.0		0.491		DL
52.523998		+51.748001		13.635		12.729		0.030		0.031		+14.6		-25.8		4.0		4.0		0.332		L
52.537998		+48.723000		14.547		13.656		0.035		0.049		+25.8		-27.5		5.3		5.3		0.183		L
52.544998		+48.730000		15.428		14.376		0.064		0.072		+22.5		-39.0		5.4		5.4		0.101		L
52.546001		+48.137001		12.266		11.398		0.023		0.023		+20.3		-28.3		4.0		4.0		0.573		L
52.558998		+47.459000		13.738		12.814		0.028		0.028		+26.6		-21.3		4.0		4.0		0.313		L
52.560001		+51.415001		14.179		13.266		0.033		0.035		+19.4		-33.4		5.3		5.3		0.234		L
52.578999		+49.726002		13.532		12.629		0.027		0.025		+14.2		-28.0		4.0		4.0		0.354		DL
52.580544		+48.499317		08.240		08.121		0.026		0.020		+21.4		-27.8		0.9		0.9		1.704		-
52.591000		+49.005001		12.461		11.582		0.022		0.023		+17.3		-27.8		4.0		4.0		0.547		D
52.620998		+48.889000		14.828		13.895		0.038		0.044		+28.4		-34.4		4.0		4.0		0.152		D
52.624001		+49.025002		12.956		12.063		0.022		0.023		+21.8		-29.0		4.0		4.0		0.466		D
52.630001		+47.270000		10.719		10.137		0.019		0.021		+18.7		-22.7		4.0		4.0		0.878		D
52.632000		+48.162998		14.775		13.805		0.047		0.052		+19.0		-23.4		5.3		5.3		0.155		L
52.632999		+49.717999		13.602		12.690		0.027		0.030		+16.3		-26.2		5.3		5.3		0.340		DL
52.641628		+47.628189		08.194		08.079		0.032		0.036		+22.9		-25.0		1.4		1.4		1.727		-
52.644001		+48.414001		12.718		11.907		0.025		0.029		+32.8		-27.6		4.0		4.0		0.506		-
52.652000		+48.257999		12.886		11.979		0.023		0.028		+18.5		-26.0		4.0		4.0		0.478		DL
52.653961		+48.103596		05.823		05.896		0.020		0.020		+21.7		-24.5		0.5		0.6		4.068		-
52.681999		+51.965000		14.532		13.630		0.039		0.043		+19.6		-17.9		4.0		4.0		0.184		-
52.694000		+51.618000		14.671		13.884		0.038		0.047		+24.9		-27.1		4.0		4.0		0.168		L
52.698380		+47.889305		09.655		09.267		0.019		0.026		+18.8		-27.2		1.4		1.4		1.141		-
52.703999		+51.042000		15.444		14.491		0.063		0.076		+19.6		-19.5		5.4		5.4		0.100		-
52.706001		+50.681999		14.652		13.789		0.044		0.051		+23.9		-31.7		4.0		4.0		0.169		-
52.710999		+51.922001		10.134		09.795		0.022		0.025		+23.7		-24.9		1.8		1.8		1.014		-
52.723000		+46.799999		14.416		13.416		0.028		0.030		+19.4		-24.5		5.3		5.3		0.201		L
52.730000		+48.655998		12.657		11.782		0.023		0.023		+18.9		-33.0		4.0		4.0		0.516		DL
52.730000		+48.794998		14.317		13.411		0.033		0.036		+18.9		-31.0		4.0		4.0		0.213		DL
52.731998		+51.870998		13.296		12.405		0.026		0.022		+17.5		-23.2		4.0		4.0		0.399		DL
52.737000		+50.014000		12.203		11.266		0.023		0.019		+19.6		-25.6		4.0		4.0		0.581		DL
52.754002		+49.283001		14.964		14.124		0.036		0.046		+14.0		-26.2		4.0		4.0		0.139		-
52.755001		+48.560001		15.386		14.505		0.045		0.070		+13.1		-33.0		5.4		5.4		0.106		-
52.759998		+48.002998		13.679		12.814		0.026		0.026		+25.2		-31.9		4.0		4.0		0.325		-
52.764000		+50.411999		14.400		13.469		0.031		0.035		+25.2		-31.2		5.3		5.3		0.203		LB
52.769001		+48.355000		15.106		14.250		0.044		0.047		+31.7		-22.1		4.1		4.1		0.126		-
52.785000		+47.056999		14.279		13.290		0.035		0.043		+12.7		-25.2		4.0		4.0		0.218		-
52.787998		+49.228001		11.852		10.873		0.026		0.024		+17.4		-29.9		4.0		4.0		0.630		-
52.793999		+51.278999		15.159		14.248		0.041		0.057		+23.4		-29.3		5.4		5.4		0.122		-
52.793999		+48.179001		15.216		14.277		0.046		0.060		+17.7		-23.1		4.1		4.1		0.117		-
52.797001		+50.331001		14.212		13.338		0.026		0.030		+19.4		-32.0		4.0		4.0		0.232		-
52.798000		+50.466000		15.175		14.185		0.040		0.050		+13.3		-27.4		5.3		5.3		0.121		-
52.799999		+48.256001		14.947		13.942		0.031		0.040		+23.1		-18.0		4.0		4.0		0.142		-
52.808998		+46.799000		15.453		14.469		0.053		0.076		+25.3		-14.7		5.5		5.5		0.101		L
52.811169		+49.706242		08.185		08.089		0.021		0.023		+21.2		-25.3		0.8		0.9		1.754		-
52.813000		+48.952000		14.381		13.512		0.031		0.033		+24.4		-31.2		5.3		5.3		0.205		DL
52.814999		+47.074001		15.260		14.293		0.053		0.070		+24.6		-24.1		5.4		5.4		0.113		-
52.819000		+49.550999		12.579		11.682		0.023		0.023		+17.0		-29.6		4.0		4.0		0.528		DL
52.824001		+47.273998		14.518		13.522		0.035		0.043		+29.2		-24.0		4.0		4.0		0.187		-
52.827999		+47.217999		13.002		12.145		0.022		0.023		+18.6		-29.9		4.0		4.0		0.457		-
52.842999		+50.578999		11.851		10.925		0.026		0.021		+22.3		-30.0		4.0		4.0		0.630		D
52.851002		+50.208000		11.657		10.799		0.023		0.021		+21.7		-23.8		4.0		4.0		0.666		-
52.862999		+50.085999		15.082		14.204		0.040		0.057		+21.5		-29.0		4.0		4.0		0.129		-
52.867001		+51.141998		15.367		14.506		0.056		0.076		+11.3		-32.0		5.4		5.4		0.106		-
52.875763		+49.902077		08.223		08.174		0.023		0.024		+20.8		-26.2		0.9		1.0		1.722		-
52.877998		+49.341999		13.023		12.123		0.026		0.021		+17.4		-30.0		4.0		4.0		0.451		DL
52.879002		+47.799999		15.184		14.249		0.046		0.069		+21.1		-24.8		4.1		4.1		0.120		-
52.884998		+48.780998		14.381		13.487		0.028		0.030		+13.5		-26.0		4.0		4.0		0.206		L
52.888069		+47.862415		06.722		06.766		0.018		0.020		+22.7		-28.4		2.0		1.9		3.144		-
52.890999		+49.867001		14.558		13.660		0.036		0.036		+26.8		-34.3		4.0		4.0		0.182		LB
52.918999		+46.924000		11.487		10.726		0.022		0.022		+19.2		-27.0		4.1		4.1		0.718		-
52.935001		+45.966000		13.618		12.686		0.023		0.026		+15.6		-22.2		4.1		4.1		0.339		-
52.937000		+49.550999		10.999		10.310		0.027		0.021		+19.2		-27.3		4.0		4.0		0.814		D
52.958000		+49.368999		15.383		14.621		0.046		0.078		+17.5		-39.2		5.5		5.5		0.107		-
52.960999		+49.987000		13.559		12.600		0.024		0.024		+22.7		-28.7		4.0		4.0		0.350		-
52.994659		+49.870163		08.382		08.172		0.021		0.021		+22.3		-26.5		1.0		1.0		1.617		-
52.994999		+49.234001		14.584		13.646		0.051		0.053		+21.2		-25.8		4.0		4.0		0.174		-
53.015999		+51.562000		15.228		14.213		0.038		0.049		+22.4		-20.3		5.4		5.4		0.118		-
53.025002		+50.098000		14.107		13.147		0.028		0.026		+16.7		-29.5		4.0		4.0		0.247		DLB
53.028999		+49.423000		14.698		13.840		0.067		0.059		+22.8		-27.6		5.3		5.3		0.158		B
53.035835		+48.023476		05.567		05.665		0.023		0.016		+22.2		-24.6		0.5		0.5		4.292		-
53.042999		+49.140999		10.496		09.972		0.023		0.021		+15.9		-25.0		5.1		5.1		0.927		-
53.042999		+46.217999		14.818		13.947		0.040		0.046		+14.3		-20.0		5.5		5.5		0.152		-
53.050999		+49.997002		15.364		14.487		0.057		0.073		+17.2		-35.5		5.4		5.4		0.106		-
53.054001		+47.888000		14.782		13.844		0.040		0.044		+32.1		-27.6		4.0		4.0		0.156		-
53.062000		+50.916000		14.723		13.821		0.031		0.037		+19.5		-23.7		5.3		5.3		0.164		-
53.062000		+46.655998		10.556		10.123		0.023		0.018		+21.1		-27.8		7.9		8.4		0.913		-
53.067001		+46.348999		14.645		13.678		0.033		0.039		+15.7		-28.2		5.5		5.5		0.172		-
53.073002		+48.749001		12.572		11.620		0.024		0.019		+22.8		-30.7		4.0		4.0		0.529		L
53.076000		+48.547001		13.844		12.946		0.029		0.030		+20.0		-30.6		4.0		4.0		0.293		DL
53.081001		+47.074001		10.683		10.123		0.022		0.019		+13.1		-25.6		9.9		9.8		0.885		-
53.090000		+49.405998		14.152		13.219		0.027		0.030		+19.3		-32.9		4.0		4.0		0.241		DL
53.098999		+47.709999		13.768		12.870		0.027		0.031		+18.8		-29.4		4.1		4.1		0.307		L
53.106998		+51.091999		15.365		14.355		0.057		0.075		+18.3		-19.7		5.4		5.4		0.106		-
53.127998		+49.175999		10.331		09.767		0.026		0.018		+21.6		-30.7		5.1		5.1		0.964		-
53.132000		+47.582001		11.614		10.872		0.022		0.019		+21.2		-32.7		4.1		4.1		0.678		-
53.132000		+47.585999		15.076		14.179		0.045		0.054		+16.9		-33.6		5.5		5.5		0.129		-
53.132877		+51.489594		09.137		08.837		0.043		0.021		+22.3		-23.6		1.1		1.1		1.279		-
53.144001		+46.973000		15.110		14.225		0.043		0.056		+09.3		-26.0		5.5		5.5		0.126		-
53.147999		+47.279999		13.530		12.615		0.026		0.023		+21.0		-30.9		4.1		4.1		0.355		DL
53.155998		+48.251999		13.708		12.789		0.027		0.025		+20.6		-28.3		4.0		4.0		0.319		DL
53.160000		+47.776001		11.989		11.130		0.022		0.019		+19.8		-25.3		4.1		4.1		0.610		L
53.161999		+51.512001		14.265		13.408		0.031		0.035		+27.3		-39.1		5.4		5.4		0.222		DL
53.166000		+45.880001		15.277		14.441		0.050		0.079		+18.0		-13.7		5.6		5.6		0.113		-
53.176998		+49.835999		14.744		13.774		0.031		0.043		+20.3		-32.4		5.4		5.4		0.162		LB
53.177437		+48.138927		08.718		08.505		0.054		0.022		+20.7		-27.5		1.4		1.4		1.414		-
53.187000		+48.082001		15.440		14.338		0.056		0.056		+12.5		-21.1		5.4		5.4		0.101		-
53.188000		+50.088001		12.160		11.256		0.026		0.022		+20.2		-36.2		4.0		4.0		0.586		L
53.189999		+48.049999		14.012		13.065		0.032		0.032		+16.0		-32.5		4.0		4.0		0.261		L
53.192001		+47.020000		14.900		13.984		0.039		0.049		+26.0		-28.2		5.5		5.5		0.144		L
53.192001		+48.987000		15.255		14.218		0.035		0.072		+20.1		-26.6		4.1		4.1		0.117		D
53.213001		+49.846001		10.787		10.138		0.026		0.022		+17.9		-25.3		4.0		4.0		0.859		D
53.216999		+47.272999		13.715		12.753		0.027		0.030		+15.1		-23.4		4.1		4.1		0.318		L
53.217999		+51.849998		12.833		11.946		0.024		0.022		+17.2		-27.5		4.0		4.0		0.487		L
53.243999		+48.409000		15.200		14.360		0.049		0.068		+32.0		-30.7		5.4		5.4		0.118		-
53.264000		+51.832001		14.904		13.996		0.039		0.054		+17.1		-27.1		4.0		4.0		0.144		D
53.264999		+47.730000		14.706		13.757		0.038		0.046		+23.1		-24.6		4.1		4.1		0.164		-
53.289001		+50.845001		12.120		11.255		0.023		0.019		+16.8		-25.6		4.0		4.0		0.592		L
53.342716		+47.422047		07.862		07.820		0.020		0.023		+21.4		-27.6		0.7		0.7		2.018		-
53.344002		+48.888000		13.516		12.646		0.024		0.026		+23.4		-30.7		4.0		4.0		0.358		-
53.349998		+50.130001		12.245		11.350		0.026		0.021		+22.7		-29.0		4.0		4.0		0.575		L
53.351002		+47.639000		13.332		12.439		0.025		0.021		+24.1		-30.3		4.1		4.1		0.393		L
53.355999		+48.397999		12.654		11.752		0.027		0.021		+16.9		-28.4		4.0		4.0		0.515		-
53.356998		+48.337002		13.216		12.338		0.029		0.021		+17.1		-30.5		4.0		4.0		0.413		DL
53.362000		+49.122002		14.929		14.192		0.049		0.064		+26.2		-32.9		4.1		4.1		0.139		-
53.370998		+46.452000		12.790		11.875		0.023		0.022		+22.8		-20.2		4.1		4.1		0.495		-
53.377998		+46.549999		15.180		14.258		0.054		0.067		+16.5		-28.6		4.1		4.1		0.119		-
53.377998		+49.695000		13.733		12.840		0.028		0.026		+20.3		-35.0		4.0		4.0		0.314		L
53.383999		+47.530998		13.236		12.292		0.025		0.021		+20.2		-24.8		4.1		4.1		0.411		DL
53.391998		+46.124001		11.937		11.064		0.022		0.023		+18.7		-30.8		4.1		4.1		0.618		DL
53.396999		+49.036999		13.078		12.212		0.026		0.023		+19.1		-30.2		4.0		4.0		0.440		DL
53.425999		+47.347000		10.943		10.407		0.022		0.020		+21.3		-29.4		4.1		4.1		0.828		-
53.426998		+49.374001		13.628		12.739		0.024		0.024		+19.5		-27.3		4.0		4.0		0.336		DL
53.431999		+48.437000		14.962		14.012		0.039		0.047		+17.0		-19.8		4.0		4.0		0.139		-
53.432999		+48.245998		14.826		14.053		0.039		0.056		+33.7		-29.7		5.3		5.3		0.152		-
53.445999		+47.591999		11.999		11.112		0.021		0.016		+19.9		-29.6		4.1		4.1		0.609		DL
53.452999		+48.216000		13.607		12.709		0.029		0.026		+15.8		-28.7		4.0		4.0		0.338		L
53.476521		+50.296650		08.706		08.567		0.034		0.020		+19.9		-26.9		1.1		1.1		1.438		-
53.480000		+46.632999		15.350		14.349		0.061		0.080		+21.1		-14.3		5.6		5.6		0.106		L
53.487000		+47.334000		15.485		14.472		0.056		0.084		+11.5		-22.9		5.6		5.6		0.099		-
53.495525		+50.882256		08.873		08.640		0.026		0.022		+19.2		-26.0		1.8		1.8		1.381		-
53.500000		+46.389000		10.348		09.835		0.022		0.018		+17.1		-29.6		7.7		7.7		0.963		-
53.521000		+49.299000		15.491		14.632		0.072		0.083		+23.5		-17.9		4.1		4.1		0.096		-
53.530998		+48.535000		14.317		13.376		0.032		0.036		+23.7		-27.6		5.3		5.3		0.214		DLB
53.536999		+50.092999		14.964		14.057		0.049		0.054		+17.9		-18.8		4.0		4.0		0.137		-
53.547001		+49.841000		11.931		11.060		0.023		0.022		+19.2		-28.0		4.0		4.0		0.619		-
53.547001		+51.464001		12.162		11.302		0.024		0.023		+14.6		-29.7		4.0		4.0		0.586		L
53.554035		+48.617470		07.206		07.260		0.020		0.021		+27.0		-27.6		2.0		2.0		2.640		-
53.577000		+50.991001		12.664		11.745		0.027		0.022		+21.3		-26.7		4.0		4.0		0.514		DL
53.585999		+48.452999		15.376		14.521		0.051		0.073		+23.1		-20.7		4.1		4.1		0.106		-
53.589001		+46.278999		15.416		14.342		0.062		0.068		+28.8		-25.4		5.4		5.4		0.101		-
53.590000		+49.973000		14.242		13.351		0.032		0.030		+20.7		-18.9		4.0		4.0		0.225		-
53.596001		+46.480999		15.383		14.374		0.052		0.077		+15.9		-19.5		4.1		4.1		0.106		-
53.616001		+47.254002		14.286		13.433		0.034		0.037		+28.2		-30.7		4.0		4.0		0.218		-
53.620998		+51.018002		15.433		14.576		0.069		0.084		+22.0		-30.8		5.5		5.5		0.100		-
53.622002		+49.362000		11.273		10.581		0.023		0.018		+26.3		-35.2		4.0		4.0		0.762		-
53.634998		+48.167000		14.894		13.958		0.034		0.047		+24.5		-29.6		5.3		5.3		0.146		L
53.636002		+50.849998		15.361		14.609		0.055		0.074		+24.5		-25.4		4.1		4.1		0.106		-
53.650002		+47.992001		14.056		13.072		0.031		0.033		+17.3		-32.3		5.3		5.3		0.254		DL
53.655998		+46.721001		13.584		12.623		0.025		0.031		+20.0		-28.0		4.0		4.0		0.344		L
53.669998		+50.061001		15.091		14.050		0.038		0.057		+25.7		-32.6		5.4		5.4		0.129		LB
53.680660		+47.886822		09.664		09.206		0.023		0.022		+21.0		-25.2		2.2		2.3		1.135		-
53.683998		+47.827999		13.883		12.946		0.028		0.033		+20.4		-28.0		5.3		5.3		0.286		L
53.683998		+48.837002		14.857		14.073		0.041		0.056		+23.6		-24.4		4.0		4.0		0.148		-
53.685001		+48.692001		15.470		14.769		0.056		0.097		+15.7		-19.7		5.5		5.5		0.099		-
53.695999		+47.664001		14.158		13.262		0.032		0.036		+23.3		-29.5		5.3		5.3		0.238		DL
53.698002		+48.574001		14.715		13.800		0.038		0.044		+19.7		-19.8		5.3		5.3		0.163		-
53.701000		+47.688000		10.485		09.953		0.022		0.025		+04.5		-31.3		7.9		7.9		0.930		-
53.705002		+50.834000		14.622		13.712		0.034		0.044		+33.4		-27.7		5.3		5.3		0.175		L
53.723999		+48.542000		13.064		12.202		0.024		0.023		+23.4		-26.3		4.0		4.0		0.444		DL
53.729000		+51.542999		14.621		13.779		0.049		0.054		+23.6		-33.3		4.0		4.0		0.171		-
53.771000		+50.912998		09.900		09.502		0.023		0.022		+20.1		-22.6		1.8		1.8		1.072		-
53.828999		+47.935001		12.678		11.748		0.021		0.027		+18.1		-29.9		4.0		4.0		0.514		DL
53.833000		+48.910999		12.638		11.739		0.026		0.020		+17.4		-27.4		4.0		4.0		0.518		DL
53.837002		+46.444000		10.982		10.383		0.023		0.025		+16.2		-33.4		4.0		4.0		0.819		-
53.849998		+46.942001		12.537		11.605		0.023		0.027		+22.8		-26.9		4.0		4.0		0.535		DL
53.853001		+50.784000		14.797		14.150		0.056		0.067		+15.8		-32.9		5.3		5.4		0.151		-
53.853001		+47.221001		13.361		12.510		0.024		0.028		+19.5		-22.3		4.0		4.0		0.388		-
53.866001		+46.736000		13.459		12.527		0.026		0.031		+19.5		-35.4		4.0		4.0		0.368		L
53.881001		+50.348000		10.396		09.927		0.026		0.021		+16.3		-22.6		3.2		3.2		0.949		-
53.882000		+49.726002		14.345		13.484		0.029		0.029		+20.1		-31.1		4.0		4.0		0.211		L
53.897999		+47.583000		12.373		11.443		0.023		0.018		+19.4		-29.5		4.1		4.1		0.559		DL
53.904999		+47.777000		14.972		14.070		0.039		0.061		+27.7		-31.7		4.1		4.1		0.138		L
53.917999		+48.400002		12.596		11.649		0.023		0.023		+29.8		-24.9		4.0		4.0		0.526		-
53.924999		+50.310001		15.396		14.416		0.043		0.056		+14.7		-20.8		5.4		5.4		0.106		-
53.933998		+49.102001		10.878		10.193		0.023		0.021		+16.4		-27.6		4.0		4.0		0.841		-
53.944000		+48.985001		15.342		14.580		0.048		0.072		+17.2		-20.0		4.1		4.1		0.109		-
53.963001		+46.339001		15.066		14.113		0.055		0.055		+17.1		-17.1		5.5		5.5		0.127		-
53.981998		+48.445000		13.128		12.199		0.024		0.023		+20.8		-25.9		4.0		4.0		0.432		DL
53.993000		+47.300999		14.064		13.157		0.030		0.026		+22.7		-23.4		4.1		4.1		0.253		L
53.993706		+47.091030		06.862		06.929		0.021		0.020		+21.6		-25.0		0.6		0.6		2.990		-
53.993999		+47.305000		14.785		13.890		0.039		0.047		+20.0		-30.4		5.5		5.5		0.156		-
54.012001		+46.716000		12.188		11.219		0.022		0.020		+20.0		-26.7		4.1		4.1		0.583		L
54.016998		+46.715000		13.869		12.951		0.026		0.032		+19.7		-29.6		4.1		4.1		0.289		L
54.047001		+46.403000		15.301		14.351		0.069		0.083		+16.8		-22.0		5.6		5.6		0.108		-
54.049999		+50.784000		13.023		12.081		0.021		0.023		+13.1		-25.9		4.0		4.0		0.453		D
54.070000		+47.515999		12.777		11.821		0.023		0.020		+22.4		-25.1		4.1		4.1		0.498		DL
54.078999		+46.446999		14.663		13.815		0.038		0.046		+18.6		-24.3		4.1		4.1		0.169		-
54.091999		+49.155998		10.048		09.535		0.023		0.021		+18.8		-28.9		5.1		5.1		1.035		-
54.095001		+46.460999		15.027		14.047		0.041		0.053		+18.4		-36.0		5.5		5.5		0.133		L
54.109001		+47.647999		15.094		14.284		0.048		0.068		+16.4		-34.7		4.1		4.1		0.126		-
54.122414		+48.192635		04.316		04.107		0.256		0.264		+22.0		-27.2		0.4		0.4		4.755		-
54.132706		+48.654648		09.081		08.826		0.021		0.021		+19.7		-26.5		1.5		1.5		1.314		-
54.150002		+47.861000		15.147		14.222		0.048		0.066		+32.7		-29.0		4.2		4.2		0.122		-
54.151001		+49.148998		10.368		09.966		0.023		0.021		+31.2		-20.3		7.8		7.8		0.957		-
54.158001		+46.533001		14.991		13.931		0.043		0.048		+25.2		-22.1		4.1		4.1		0.136		-
54.194000		+48.277000		14.790		14.019		0.048		0.061		+25.8		-26.3		4.0		4.0		0.153		-
54.196999		+49.425999		15.389		14.473		0.054		0.075		+15.0		-26.2		5.4		5.4		0.105		-
54.201000		+48.691002		14.908		13.941		0.038		0.052		+26.8		-35.4		4.0		4.0		0.144		L
54.223000		+46.955002		12.904		11.986		0.023		0.018		+16.0		-22.6		4.1		4.1		0.475		L
54.223999		+48.400002		10.573		09.977		0.022		0.021		+11.6		-27.5		5.1		5.1		0.910		-
54.229542		+48.828568		09.047		08.822		0.034		0.022		+20.2		-28.3		1.5		1.6		1.315		-
54.240566		+48.745998		09.836		09.348		0.023		0.020		+20.2		-27.3		1.7		1.7		1.088		-
54.257000		+48.223000		12.020		11.132		0.022		0.022		+15.1		-29.1		4.0		4.0		0.606		DL
54.299000		+50.022999		13.451		12.524		0.027		0.026		+18.9		-28.7		4.0		4.0		0.369		DL
54.341999		+47.560001		14.960		14.164		0.044		0.066		+11.0		-23.2		5.5		5.5		0.138		-
54.362999		+48.123001		13.798		12.885		0.024		0.031		+24.5		-19.0		4.1		4.1		0.303		-
54.363998		+50.665001		13.312		12.416		0.027		0.026		+22.4		-30.1		4.1		4.1		0.396		DL
54.365002		+47.562000		11.798		10.913		0.021		0.018		+22.2		-18.4		4.1		4.1		0.640		D
54.377998		+49.118999		12.622		11.755		0.023		0.022		+27.3		-25.7		4.1		4.1		0.522		-
54.383999		+50.139000		13.261		12.312		0.026		0.023		+25.5		-31.0		4.1		4.1		0.406		L
54.387001		+47.719002		13.427		12.569		0.024		0.024		+18.0		-24.3		4.1		4.1		0.375		-
54.390999		+48.594002		13.597		12.742		0.031		0.032		+24.8		-36.1		4.1		4.1		0.339		DL
54.393002		+50.174000		14.842		13.893		0.049		0.059		+16.9		-20.3		4.1		4.1		0.148		-
54.397999		+47.230999		14.453		13.527		0.032		0.036		+20.6		-22.9		5.5		5.5		0.196		L
54.428001		+48.375999		13.865		12.944		0.026		0.029		+17.0		-26.7		4.1		4.1		0.290		L
54.436001		+48.109001		15.447		14.680		0.053		0.102		+29.2		-22.2		5.6		5.6		0.101		-
54.441002		+48.097000		14.159		13.252		0.029		0.037		+17.0		-29.1		4.1		4.1		0.239		L
54.443001		+50.743999		15.213		14.311		0.052		0.073		+14.5		-17.1		5.5		5.5		0.117		-
54.445000		+48.789001		14.926		14.129		0.048		0.070		+10.5		-23.3		5.5		5.5		0.140		-
54.451000		+47.914001		15.327		14.452		0.063		0.081		+22.5		-26.3		4.2		4.2		0.107		-
54.453999		+47.536999		14.271		13.362		0.026		0.035		+17.7		-31.4		4.1		4.1		0.223		L
54.453999		+48.354000		15.196		14.312		0.047		0.066		+19.4		-15.0		5.5		5.5		0.119		-
54.456001		+48.021999		11.539		10.754		0.022		0.020		+15.4		-26.5		4.1		4.1		0.701		-
54.459999		+47.266998		15.424		14.465		0.059		0.086		+28.0		-24.5		5.6		5.6		0.101		-
54.492001		+49.369999		15.326		14.157		0.047		0.065		+13.3		-20.5		5.5		5.5		0.110		-
54.542999		+50.273998		11.289		10.538		0.023		0.019		+17.1		-28.9		4.1		4.1		0.758		-
54.548000		+50.272999		13.884		12.948		0.023		0.032		+13.0		-32.0		5.4		5.4		0.288		-
54.551998		+47.877998		14.817		13.917		0.043		0.051		+16.8		-24.7		5.5		5.5		0.152		L
54.564922		+47.576981		07.363		07.375		0.023		0.021		+20.7		-26.7		0.8		0.8		2.477		-
54.587002		+49.527000		12.497		11.575		0.020		0.017		+22.1		-27.6		4.1		4.1		0.542		DL
54.603001		+50.339001		15.267		14.163		0.063		0.095		+31.2		-21.7		5.5		5.5		0.111		-
54.625999		+48.320000		13.037		12.156		0.023		0.022		+21.4		-28.7		4.1		4.1		0.450		DL
54.646259		+48.593483		08.104		08.005		0.020		0.027		+20.8		-27.0		0.9		0.8		1.818		-
54.650002		+47.094002		12.192		11.278		0.021		0.018		+17.8		-25.0		4.1		4.1		0.583		L
54.705002		+48.145000		12.719		11.790		0.023		0.020		+13.8		-30.3		4.1		4.1		0.507		L
54.741001		+48.966000		14.231		13.271		0.029		0.036		+15.8		-27.0		4.0		4.0		0.228		L
54.741001		+47.228001		14.786		13.917		0.039		0.051		+22.7		-28.3		5.5		5.5		0.156		D
54.759998		+47.509998		15.369		14.394		0.058		0.070		+22.7		-19.9		5.6		5.6		0.105		-
54.775002		+47.744999		12.265		11.344		0.021		0.018		+18.7		-29.1		4.1		4.1		0.574		DL
54.825001		+47.792000		14.826		13.927		0.044		0.055		+18.2		-29.4		4.1		4.1		0.151		-
54.846001		+47.609001		14.869		13.890		0.043		0.055		+21.9		-28.8		5.5		5.5		0.146		L
54.889999		+49.634998		14.413		13.509		0.030		0.042		+21.0		-21.8		4.0		4.0		0.201		-
54.918999		+47.599998		15.316		14.359		0.049		0.065		+21.8		-18.5		5.5		5.5		0.110		L
54.924000		+48.424999		12.043		11.181		0.025		0.021		+27.0		-26.4		4.0		4.0		0.602		-
54.925999		+48.841999		11.383		10.649		0.021		0.026		+25.4		-14.1		8.1		7.8		0.740		-
54.979000		+49.271999		13.472		12.578		0.026		0.026		+24.8		-31.6		4.0		4.0		0.366		DL
54.991001		+48.507000		15.268		14.387		0.046		0.077		+29.2		-18.5		4.1		4.1		0.114		-
54.998001		+49.250000		15.169		14.286		0.048		0.068		+10.0		-29.5		5.4		5.4		0.120		-
55.082001		+49.151001		15.208		14.237		0.046		0.072		+22.9		-23.8		5.4		5.4		0.118		-
